Title,Date,Time,Content,Link
Phim của Huỳnh Lập chất lượng vụng về vẫn dẫn đầu phòng vé,21/2/2025,06:48,"“Nhà gia tiên” nhiều gia vị, nhưng thiếu sự hòa quyện. Huỳnh Lập tham lam khi dùng thoại dẫn dắt câu chuyện và cảm xúc khán giả, song cách giải quyết mâu thuẫn phim còn vụng về.",https://znews.vn/phim-cua-huynh-lap-chat-luong-vung-ve-van-dan-dau-phong-ve-post1533000.html
Cục Điện ảnh phản hồi tin 'Na Tra 2' chiếu ở Việt Nam,21/2/2025,10:12,"Về thông tin ""Na Tra 2"" sắp sửa ra rạp Việt được chia sẻ trên mạng xã hội, Cục trưởng Cục Điện ảnh Đặng Trần Cường cho biết chưa nhận được hồ sơ xin cấp phép.",https://znews.vn/cuc-dien-anh-phan-hoi-tin-na-tra-2-chieu-o-viet-nam-post1533087.html
Lọ Lem lên tiếng khi bị chê bai,21/2/2025,04:00,"Trước loạt ý kiến trái chiều từ cộng đồng mạng, con gái MC Quyền Linh cho biết sẽ không ngừng cố gắng để trở thành niềm tự hào của ba mẹ.",https://znews.vn/lo-lem-len-tieng-khi-bi-che-bai-post1533045.html
Đằng sau chia sẻ kiếm hàng tỷ đồng trước 19 tuổi của Lọ Lem,21/2/2025,18:06,"Con gái Quyền Linh cho biết từ nhỏ cô đã kiếm tiền nhờ đóng quảng cáo, quay hình. Khi càng lớn, số tiền Lọ Lem tích cóp được tăng dần theo thời gian.",https://znews.vn/dang-sau-chia-se-kiem-hang-ty-dong-truoc-19-tuoi-cua-lo-lem-post1533084.html
Vụ án ma túy kinh khủng nhất giới giải trí,21/2/2025,16:03,"Vụ Yoo Ah In bị điều tra sử dụng 8 loại chất cấm được truyền thông Hàn Quốc mô tả là ""vụ án ma túy kinh điển của giới giải trí"".",https://znews.vn/vu-an-ma-tuy-kinh-khung-nhat-gioi-giai-tri-post1533266.html
Chàng trai hóa trang thành Na Tra gây sốt,21/2/2025,17:03,Lý Dã Khiết thu hút sự chú ý khi hóa thân thành nhân vật hoạt hình Na Tra trong bom tấn đang dẫn đầu phòng vé Trung Quốc.,https://znews.vn/chang-trai-hoa-trang-thanh-na-tra-gay-sot-post1533280.html
Nông Thúy Hằng có bạn trai,21/2/2025,21:03,"Nông Thúy Hằng có bạn trai sinh năm 1991, làm phó giám đốc một công ty khoáng sản. Hai người đã về ra mắt gia đình và bàn bạc việc kết hôn.",https://znews.vn/nong-thuy-hang-co-ban-trai-post1533354.html
Diễn viên 'Penthouse' cắt đứt quan hệ với gia đình,21/2/2025,18:58,"Lee Ji Ah cho biết cô đã cắt đứt quan hệ với gia đình từ cách đây 10 năm. Gần đây, truyền thông Hàn Quốc đưa tin người thân của cô đang tranh chấp mảnh đất trị giá 35 tỷ won.",https://znews.vn/dien-vien-penthouse-cat-dut-quan-he-voi-gia-dinh-post1533288.html
"Lâm Na tố cáo bị đạo diễn sàm sỡ, cưỡng hôn",21/2/2025,17:06,"Diễn viên Khám Lâm Na, kể từng bị đạo diễn, diễn viên Trịnh Ký Phong - người vừa bị bắt vì bị tình nghi xâm hại trẻ em - có hành vi nhốt cô trong phòng và sàm sỡ.",https://znews.vn/lam-na-to-cao-bi-dao-dien-sam-so-cuong-hon-post1533276.html
Jennie khoe nội y trong MV mới,21/2/2025,14:03,"Jennie vừa phát hành video ""ExtraL"". Nữ ca sĩ tiếp tục theo đuổi concept nữ quyền với phong cách gợi cảm.",https://znews.vn/jennie-khoe-noi-y-trong-mv-moi-post1533233.html
Vợ chồng Cao Minh Đạt mong có con sau 9 năm cưới,21/2/2025,13:07,Diễn viên Cao Minh Đạt và bà xã đang tiến hành làm IVF để có con sau 9 năm về chung một nhà.,https://znews.vn/vo-chong-cao-minh-dat-mong-co-con-sau-9-nam-cuoi-post1533222.html
Vợ chồng Bae Yong Joon bị công kích,21/2/2025,12:41,Việc quyên góp số tiền lớn cho trung tâm y tế khiến Bae Yong Joon và Park Soo Jin bị chỉ trích. Khán giả nghi ngờ hai người ủng hộ để được nhận biệt đãi.,https://znews.vn/vo-chong-bae-yong-joon-bi-cong-kich-post1533101.html
Hoàng Cảnh Du cùng bạn gái du lịch Phú Quốc?,21/2/2025,10:21,"Hoàng Cảnh Du mới đây được bắt gặp ở Phú Quốc. Đáng nói, anh xuất hiện cùng một cô gái làm dấy lên nghi vấn hẹn hò.",https://znews.vn/hoang-canh-du-cung-ban-gai-du-lich-phu-quoc-post1533094.html
Tang lễ của diễn viên Đình Thế,21/2/2025,10:04,Đình Thế qua đời đột ngột ở tuổi 22. Thông tin này khiến nhiều đồng nghiệp và bạn bè bàng hoàng.,https://znews.vn/tang-le-cua-dien-vien-dinh-the-post1533090.html
Quan Hiểu Đồng và Lộc Hàm rạn nứt?,20/2/2025,20:45,"Quan Hiểu Đồng và Lộc Hàm được tiết lộ xảy ra căng thẳng, nhiều khả năng mối quan hệ đã rạn nứt.",https://znews.vn/quan-hieu-dong-va-loc-ham-ran-nut-post1533018.html
Lee Min Ho nói về tin yêu Park Bom,20/2/2025,20:33,"Phía Lee Min Ho khẳng định không quen biết Park Bom, do đó tin tức hai nghệ sĩ hẹn hò là vô căn cứ.",https://znews.vn/lee-min-ho-noi-ve-tin-yeu-park-bom-post1533023.html
'Mỹ nhân phim 19+' Park Ji Hyun đã khác,20/2/2025,19:52,"Park Ji Hyun tiếp tục tham gia dự án có yếu tố tình dục sau ""Hidden Face"". Tuy nhiên, vai diễn mới ít táo bạo hơn nhân vật trước đó.",https://znews.vn/my-nhan-phim-19-park-ji-hyun-da-khac-post1532692.html
Châu Du Dân đau buồn khi Từ Hy Viên qua đời,20/2/2025,19:49,Châu Du Dân chia sẻ anh đau buồn khi nghe tin dữ về Từ Hy Viên. Anh mong công chúng dành không gian riêng tư cho gia đình bạn gái cũ.,https://znews.vn/chau-du-dan-dau-buon-khi-tu-hy-vien-qua-doi-post1533017.html
Rapper Pháo sau khi phẫu thuật thẩm mỹ,20/2/2025,19:15,"Vừa qua, rapper Pháo công khai việc chỉnh sửa mũi. Diện mạo hiện tại của cô nhận được sự chú ý.",https://znews.vn/rapper-phao-sau-khi-phau-thuat-tham-my-post1533014.html
Honey Lee bị điều tra,20/2/2025,18:40,Một người dân Hàn Quốc đã nộp đơn lên đồn cảnh sát Gangnam ở Seoul để yêu cầu điều tra Honey Lee về nghi ngờ trốn thuế.,https://znews.vn/honey-lee-bi-dieu-tra-post1533005.html
Diễn viên Đình Thế đột ngột qua đời ở tuổi 22,20/2/2025,17:28,"Diễn viên Đình Thế (nghệ danh Moon) - góp mặt lồng tiếng trong nhiều phim điện ảnh lẫn truyền hình qua đời đột ngột, hưởng dương 22 tuổi.",https://znews.vn/dien-vien-dinh-the-dot-ngot-qua-doi-o-tuoi-22-post1532991.html
Trúc Anh sau nhiều năm không đóng phim,20/2/2025,16:57,Trúc Anh kín tiếng nhiều năm qua. Cô hạn chế chia sẻ hình ảnh cá nhân trên mạng xã hội hay tham gia các dự án phim ảnh.,https://znews.vn/truc-anh-sau-nhieu-nam-khong-dong-phim-post1532980.html
Ca sĩ nổi tiếng Tây Tạng qua đời ở tuổi 39,20/2/2025,16:01,Công ty quản lý xác nhận Anduo Luosang qua đời ở tuổi 39 vì biến chứng của bệnh lao và tiểu đường. Nam ca sĩ nhập viện ngày 17/2 và mất sau một ngày điều trị.,https://znews.vn/ca-si-noi-tieng-tay-tang-qua-doi-o-tuoi-39-post1532973.html
Gia đình hoãn chôn cất Từ Hy Viên theo hình thức thụ táng,20/2/2025,15:43,DJ Koo Jun Yup muốn tìm địa điểm chôn cất mới nên lễ thụ táng của nữ diễn viên Từ Hy Viên bị hoãn lại.,https://znews.vn/gia-dinh-hoan-chon-cat-tu-hy-vien-theo-hinh-thuc-thu-tang-post1532959.html
Tóc Tiên sau 5 năm cưới Touliver,20/2/2025,11:34,"Tóc Tiên và Touliver tổ chức lễ cưới ngày 20/2/2020. Sau 5 năm kết hôn, họ có cuộc sống ngọt ngào cùng sự nghiệp thăng hoa.",https://znews.vn/toc-tien-sau-5-nam-cuoi-touliver-post1532913.html
Diễn viên phim 'Mỹ nhân ngư' bị bắt,20/2/2025,11:27,"Trịnh Ký Phong, diễn viên đóng vai Trịnh tổng trong bộ phim ""Mỹ nhân ngư"" của Châu Tinh Trì, bị bắt vì tình nghi xâm hại trẻ em.",https://znews.vn/dien-vien-phim-my-nhan-ngu-bi-bat-post1532910.html
Biệt thự 35 triệu USD của Selena Gomez và chồng sắp cưới,20/2/2025,10:25,"Mua biệt thự mới vào cuối năm ngoái, song Selena Gomez và Benny Blanco chưa dọn đến ở. Cặp sao vừa đón Valentine tại nhà riêng của Benny.",https://znews.vn/biet-thu-35-trieu-usd-cua-selena-gomez-va-chong-sap-cuoi-post1532902.html
Võ Thành Tâm xuất hiện bên vợ,20/2/2025,09:37,Võ Thành Tâm vừa tổ chức tiệc sinh nhật cho hai con ở TP.HCM. Đây cũng là lần đầu tiên vợ nam diễn viên lộ diện.,https://znews.vn/vo-thanh-tam-xuat-hien-ben-vo-post1532895.html
Cuộc chơi mạo hiểm khi dừng chương trình Anh trai vượt ngàn chông gai,20/2/2025,07:05,Nhà sản xuất Anh trai vượt ngàn chông gai vừa thông báo tổ chức chương trình mới là Tân binh toàn năng nhằm thành lập nhóm nhạc. Đây là quyết định khá mạo hiểm.,https://znews.vn/cuoc-choi-mao-hiem-khi-dung-chuong-trinh-anh-trai-vuot-ngan-chong-gai-post1532831.html
"Phim Trấn Thành kiếm hàng nghìn tỷ tại Việt Nam, làng nhàng ở quốc tế",20/2/2025,06:10,"Sau khi kiếm được hàng trăm tỷ ở rạp Việt, loạt phim của Trấn Thành lần lượt ""xuất ngoại"". Song, thành tích quốc tế tương đối hạn chế.",https://znews.vn/phim-tran-thanh-kiem-hang-nghin-ty-tai-viet-nam-lang-nhang-o-quoc-te-post1532524.html
Lý do 'Kẻ đồng hành' chỉ thu hơn 900 triệu đồng ở rạp Việt,20/2/2025,06:00,"""Companion"" kể câu chuyện tình đắng cay giữa con người và robot. Tác phẩm cuốn hút khi pha trộn nhiều thể loại, song mất điểm bởi kịch bản dễ đoán.",https://znews.vn/ly-do-ke-dong-hanh-chi-thu-hon-900-trieu-dong-o-rap-viet-post1532544.html
Tuấn Hưng: 'Có những lúc muốn bỏ cuộc vì quá mệt mỏi',20/2/2025,00:00,"Tuấn Hưng cho biết khi tham gia Anh trai vượt ngàn chông gai, anh cảm thấy tự ti, sợ mọi người quay lưng. Thậm chí, đã có những lúc anh muốn bỏ cuộc vì quá mệt mỏi.",https://znews.vn/tuan-hung-co-nhung-luc-muon-bo-cuoc-vi-qua-met-moi-post1529973.html
Running Man Vietnam trở lại,19/2/2025,21:51,"Trên fanpage, nhà sản xuất xác nhận chương trình truyền hình thực tế Running Man Vietnam trở lại với mùa 3. Song, thông tin về dàn cast chưa được công bố.",https://znews.vn/running-man-vietnam-tro-lai-post1532828.html
Mai Phương Thúy gợi cảm,19/2/2025,21:00,Mai Phương Thúy gây chú ý khi đăng loạt ảnh chơi tennis trên trang cá nhân. Hoa hậu Việt Nam 2006 nhận nhiều lời khen về vóc dáng.,https://znews.vn/mai-phuong-thuy-goi-cam-post1532820.html
Bảo Thanh sau 5 năm dừng đóng phim,19/2/2025,20:17,"Bảo Thanh đã tạm dừng đóng phim được khoảng 5 năm. Thời gian qua, cô tập trung chăm sóc gia đình, nghỉ ngơi và đi du lịch.",https://znews.vn/bao-thanh-sau-5-nam-dung-dong-phim-post1532821.html
"Phim hài Thái Lan cản bước Trấn Thành, Hoàng Nam",19/2/2025,19:30,"Với sự đan xen nhịp nhàng giữa chất hài hước và không khí kinh dị, ""Rider: Giao hàng cho ma"" nhận được sự chú ý của khán giả Việt.",https://znews.vn/phim-hai-thai-lan-can-buoc-tran-thanh-hoang-nam-post1532571.html
Nam chính phim cổ trang 19+ hối hận khi quay cảnh táo bạo,19/2/2025,19:11,"Lee Hyun Wook đảm nhận vai chính trong ""The Queen Who Crowns"". Tuy nhiên, nam diễn viên hối hận và nghi ngờ bản thân khi xem lại bộ phim.",https://znews.vn/nam-chinh-phim-co-trang-19-hoi-han-khi-quay-canh-tao-bao-post1532800.html
Justin Bieber hủy theo dõi hơn 20 người nổi tiếng,19/2/2025,18:09,"Justin Bieber gây chú ý khi tiếp tục hủy theo dõi nhiều người nổi tiếng trên mạng xã hội như Diddy, The Weeknd và Benny Blanco.",https://znews.vn/justin-bieber-huy-theo-doi-hon-20-nguoi-noi-tieng-post1532786.html
Dương Thừa Lâm bí mật cưới,19/2/2025,14:51,"Nữ ca sĩ bí mật tổ chức lễ cưới với Lý Vinh Hạo vào năm ngoái. Cả hai trải qua nhiều năm gắn bó, đồng hành.",https://znews.vn/duong-thua-lam-bi-mat-cuoi-post1532756.html
"Điều gì khiến Karik và các sao 'quên điện thoại, vui hết mình'?",19/2/2025,14:00,"Giữa lúc nhiều người khoe những món đồ sang chảnh, hiện đại, Karik lại bất ngờ “flex nhẹ” hàng loạt món đồ độc lạ và dường như chưa từng xuất hiện trước đây.",https://znews.vn/dieu-gi-khien-karik-va-cac-sao-quen-dien-thoai-vui-het-minh-post1532656.html
'Nụ hôn bạc tỷ' vượt mốc 200 tỷ đồng,19/2/2025,13:43,"“Nụ hôn bạc tỷ” dắt túi 200 tỷ đồng sau khoảng 3 tuần công chiếu. Đây là bộ phim thứ 2 trong năm 2025 chạm mốc doanh thu này, sau “Bộ tứ báo thủ”.",https://znews.vn/nu-hon-bac-ty-vuot-moc-200-ty-dong-post1532637.html
Hoa hậu Catriona Gray hủy hôn,19/2/2025,13:33,Diễn viên Sam Milby xác nhận rằng anh và hôn thê Catriona Gray đã chia tay sau gần 5 năm bên nhau.,https://znews.vn/hoa-hau-catriona-gray-huy-hon-post1532648.html
Quyên Qui chia tay,19/2/2025,13:12,"Quyên Qui cho biết cô và bạn trai vẫn yêu thương nhau nhưng quyết định chia tay vì khoảng cách. Trước đó, nữ diễn viên thành đôi với Wukong ở Đảo thiên đường.",https://znews.vn/quyen-qui-chia-tay-post1532663.html
Uông Tiểu Phi nợ Từ Hy Viên 250 triệu NDT?,19/2/2025,12:48,"Theo truyền thông Đài Loan, Uông Tiểu Phi vẫn nợ Từ Hy Viên số tiền lớn cùng phí cấp dưỡng, nuôi con sau khi 2 người ly hôn. Đó là lý do nữ diễn viên sống thiếu thốn trước khi mất.",https://znews.vn/uong-tieu-phi-no-tu-hy-vien-250-trieu-ndt-post1532654.html
Lisa khoe siêu xe,19/2/2025,12:39,Lisa mới đây khoe hai siêu xe Ferrari Purosangue và Ferrari 812 nằm trong bộ sưu tập xế hộp đắt đỏ của mình.,https://znews.vn/lisa-khoe-sieu-xe-post1532652.html
'Thần tiễn' Jeremy Renner từng hẹn hò cô gái kém 28 tuổi,19/2/2025,12:21,"Jeremy Renner và cô gái kém 28 tuổi đến với nhau vì sự đồng cảm. Nhưng sau 8 tháng hẹn hò, bộ đôi quyết định trở lại làm bạn.",https://znews.vn/than-tien-jeremy-renner-tung-hen-ho-co-gai-kem-28-tuoi-post1532619.html
Dòng người tiễn đưa Kim Sae Ron,19/2/2025,11:09,"Nhiều bạn bè, đồng nghiệp đã tới tiễn đưa Kim Sae Ron về nơi an nghỉ. Họ bật khóc trong giây phút chia ly.",https://znews.vn/dong-nguoi-tien-dua-kim-sae-ron-post1532631.html
'Na Tra 2' là phim hoạt hình kiếm nhiều tiền nhất thế giới,19/2/2025,10:09,"Hơn 20 ngày công chiếu, ""Na Tra 2"" chạm mốc 1,69 tỷ USD, trở thành phim hoạt hình ăn khách nhất thế giới.",https://znews.vn/na-tra-2-la-phim-hoat-hinh-kiem-nhieu-tien-nhat-the-gioi-post1532608.html
"Road to 8Wonder mở cổng bán vé, mang đến loạt trải nghiệm độc đáo",19/2/2025,10:04,"Lễ hội âm nhạc Road to 8Wonder - The Next Icon tại Vinhomes Royal Island (Vũ Yên, Hải Phòng) chính thức mở bán vé, trở thành tâm điểm quan tâm của giới trẻ.",https://znews.vn/road-to-8wonder-mo-cong-ban-ve-mang-den-loat-trai-nghiem-doc-dao-post1532620.html
"'Chị dâu' rời rạp, thu 113 tỷ đồng",19/2/2025,09:31,Bộ phim của Khương Ngọc chính thức kết thúc hành trình ở rạp Việt. Tác phẩm thu về 113 tỷ đồng.,https://znews.vn/chi-dau-roi-rap-thu-113-ty-dong-post1532600.html
Phim của Huỳnh Lập chất lượng vụng về vẫn dẫn đầu phòng vé,21/2/2025,06:48,"“Nhà gia tiên” nhiều gia vị, nhưng thiếu sự hòa quyện. Huỳnh Lập tham lam khi dùng thoại dẫn dắt câu chuyện và cảm xúc khán giả, song cách giải quyết mâu thuẫn phim còn vụng về.",https://znews.vn/phim-cua-huynh-lap-chat-luong-vung-ve-van-dan-dau-phong-ve-post1533000.html
Lý do 'Kẻ đồng hành' chỉ thu hơn 900 triệu đồng ở rạp Việt,20/2/2025,06:00,"""Companion"" kể câu chuyện tình đắng cay giữa con người và robot. Tác phẩm cuốn hút khi pha trộn nhiều thể loại, song mất điểm bởi kịch bản dễ đoán.",https://znews.vn/ly-do-ke-dong-hanh-chi-thu-hon-900-trieu-dong-o-rap-viet-post1532544.html
"Vì sao 'Captain America' đẩy lùi Hoàng Nam, Thu Trang?",17/2/2025,07:39,"Sức nặng của chiếc khiên mà Steve Rogers truyền lại khiến người kế nhiệm gặp rất nhiều khó khăn. Thế nhưng, Sam Wilson đã chứng minh mình xứng đáng được trao cơ hội.",https://znews.vn/vi-sao-captain-america-day-lui-hoang-nam-thu-trang-post1531960.html
Không nhận ra Jun Phạm,5/1/2025,18:17,"Jun Phạm đưa rất nhiều chất liệu dân gian vào trong single mới nhất ""Sơn Thủy Khúc"", cho thấy mức độ nghiêm túc trong âm nhạc của nam ca sĩ.",https://znews.vn/khong-nhan-ra-jun-pham-post1522652.html
Phùng Khánh Linh chịu chơi,4/1/2025,06:10,"Phùng Khánh Linh tiếp tục khai thác một thế giới âm thanh mới trong single “Em đau”, tạo nên hướng đi khác biệt hẳn với các nghệ sĩ pop trong nước khác.",https://znews.vn/phung-khanh-linh-chiu-choi-post1522426.html
Ai thống trị nhạc Việt 2025?,1/1/2025,06:07,"Sau một năm bùng nổ của các chương trình truyền hình về âm nhạc, Vpop 2025 dự kiến sẽ tiếp tục khai thác khía cạnh này, đi cùng với những trào lưu âm nhạc mới đang đổ bộ mạnh mẽ.",https://znews.vn/ai-thong-tri-nhac-viet-2025-post1521583.html
"Hoa hậu Thanh Thủy: 'Tôi không so sánh mình với ai, kể cả Thùy Tiên'",22/11/2024,06:00,"Những bình luận tiêu cực từng khiến Thanh Thủy đánh mất sự tự tin, sống thu mình lại. Phải mất một khoảng thời gian khá lâu để cô chứng minh bản thân xứng đáng với danh hiệu hoa hậu.",https://znews.vn/hoa-hau-thanh-thuy-toi-khong-so-sanh-minh-voi-ai-ke-ca-thuy-tien-post1512803.html
"Trấn Thành: 'Tiền chỉ là tờ giấy, tôi không đi tìm tờ giấy'",10/2/2024,10:00,"Hành trình trưởng thành của Trấn Thành gắn liền với cụm từ ""biết lắng nghe"". Anh lắng nghe khán giả, lắng nghe chính mình, để xem bản thân thực sự đi đúng quỹ đạo đặt ra hay chưa.",https://znews.vn/tran-thanh-tien-chi-la-to-giay-toi-khong-di-tim-to-giay-post1459702.html
MONO: 'Tôi luôn sống trong sự sẵn sàng',19/12/2023,18:00,"MONO cho biết anh rất sợ bố mẹ, anh trai phải lo lắng. Vì thế, khi xảy ra chuyện, ca sĩ tìm cách tự giải quyết, sau đó mới chia sẻ với gia đình.",https://znews.vn/mono-toi-rat-thuong-gia-dinh-post1448970.html
Diệp Lâm Anh khác lạ,27/1/2025,09:00,"Những ngày giáp Tết, Nhã Phương lăng xê đầm vải sheer mỏng quyến rũ. Diệp Lâm Anh, Thúy Ngân, Phạm Quỳnh Anh cũng trở lại đường đua mặc đẹp.",https://znews.vn/diep-lam-anh-khac-la-post1527562.html
Mặc đầm 3D cúp ngực như Thiều Bảo Trâm,20/1/2025,05:00,"Carpet Check tuần qua ghi nhận cách phối trang phục, phụ kiện ấn tượng của Tóc Tiên, Bùi Lan Hương, Thiều Bảo Trâm, Lan Ngọc.",https://znews.vn/mac-dam-3d-cup-nguc-nhu-thieu-bao-tram-post1525794.html
Huyền Baby mất điểm vì váy xẻ sâu,13/1/2025,05:31,"Trang Pháp, MLee, Phương Anh Đào thu hút ánh nhìn với mốt xẻ sâu dịp đầu năm. Cũng hưởng ứng phong cách này, Huyền Baby bị chê chọn thiết kế thiếu tinh tế.",https://znews.vn/huyen-baby-mat-diem-vi-vay-xe-sau-post1523711.html
"Khi Kỳ Duyên lấn át Minh Triệu, H'Hen Niê",28/5/2024,10:04,"Những bước slow walk của Kỳ Duyên tuy chậm rãi nhưng không lê thê, đúng tinh thần của một giai nhân. Thần thái sắc lạnh của cô thu hút được ánh nhìn của hầu hết khán giả.",https://znews.vn/khi-ky-duyen-lan-at-minh-trieu-h-hen-nie-post1477694.html
Không gian của Prada quá tẻ nhạt nhưng Brooklyn Beckham vẫn gây sốt,15/1/2024,15:11,"Những cái tên như Brooklyn Beckham, Karina, Win Metawin, Lý Hiện, Troye Sivan giúp show thời trang của Prada trở thành sự kiện nổi bật, phủ sóng trên mạng xã hội.",https://znews.vn/khong-gian-cua-prada-qua-te-nhat-nhung-brooklyn-beckham-van-gay-sot-post1454936.html
"Phương Oanh bế bụng bầu diễn thời trang, Shark Bình đến cổ vũ",6/1/2024,21:19,"Sự xuất hiện của Phương Oanh khiến show áo dài ""Nơi tôi sinh ra"" thêm thu hút. Phía sau điểm nhấn này là phần trình diễn khá ấn tượng từ nhiều nhà thiết kế.",https://znews.vn/phuong-oanh-be-bung-bau-dien-thoi-trang-shark-binh-den-co-vu-post1453266.html
Chủ nhân hit 'Drunk Text': 'Tôi rất muốn tổ chức concert ở Việt Nam',27/1/2024,16:00,Henry Moodie tiết lộ rất hứng thú với văn hóa và con người Việt Nam. Anh sẽ đến Việt Nam trong năm nay và mong muốn được tổ chức concert tại mảnh đất xinh đẹp này.,https://znews.vn/chu-nhan-hit-drunk-text-toi-rat-muon-to-chuc-concert-o-viet-nam-post1457226.html
"Nhóm nhạc nam Nhật Bản: 'Ấn tượng với Suboi, Wren Evans của Việt Nam'",23/12/2023,11:46,"Các thành viên trong nhóm nhạc PSYCHIC FEVER tiết lộ họ ấn tượng với ẩm thực, con người Việt Nam. Về âm nhạc, nhóm biết đến rapper Suboi, Wren Evans và ca khúc ""See tình"".",https://znews.vn/nhom-nhac-nam-nhat-ban-an-tuong-voi-suboi-wren-evans-cua-viet-nam-post1450479.html
Taeyong (NCT) hát 'See tình' của Hoàng Thùy Linh,9/6/2023,13:39,"Trong cuộc phỏng vấn với Tri thức trực tuyến, Taeyong gửi lời chào fan Việt qua câu hát trong bài ""See tình"" của nữ ca sĩ Hoàng Thùy Linh.",https://lifestyle.znews.vn/video-taeyong-nct-hat-see-tinh-cua-hoang-thuy-linh-post1438179.html
Title,Date,Time,Content,Link
Thấy gì khi các fandom Việt quyên góp từ thiện hàng trăm triệu đồng,21/2/2025,16:23,"Không chỉ mở fanpage ủng hộ idol, các fandom Việt còn quyên góp, xây dựng các dự án từ thiện. Chuyên gia nhận xét giới trẻ nước ta làm từ thiện khác hẳn quốc tế.",https://lifestyle.znews.vn/thay-gi-khi-cac-fandom-viet-quyen-gop-tu-thien-hang-tram-trieu-dong-post1533248.html
Quốc gia châu Á thiếu ngủ nhất nhì thế giới,21/2/2025,20:16,"Người dân chỉ ngủ trung bình 6 tiếng 27 phút mỗi đêm, Hàn Quốc được xếp hạng là một trong những quốc gia thiếu ngủ nhất thế giới. Điều tương tự cũng xảy ra tại Nhật Bản.",https://lifestyle.znews.vn/quoc-gia-chau-a-thieu-ngu-nhat-nhi-the-gioi-post1533341.html
"Cô gái 107 kg giảm 42 kg ngoạn mục, thành sao thể hình",21/2/2025,18:58,"Giảm cân thành công sau 14 tháng, Zoe Lewis chia sẻ kinh nghiệm của mình lên mạng, trở thành KOL về thể hình.",https://lifestyle.znews.vn/co-gai-107-kg-giam-42-kg-ngoan-muc-thanh-sao-the-hinh-post1533097.html
Acerpure Cool C2-UVC và Cool C3 - máy lọc không khí cho gia đình,21/2/2025,08:00,"Trong bối cảnh ô nhiễm không khí ngày càng gia tăng, việc sở hữu một thiết bị lọc không khí chất lượng cao trở thành nhu cầu thiết yếu.",https://lifestyle.znews.vn/acerpure-cool-c2-uvc-va-cool-c3-may-loc-khong-khi-cho-gia-dinh-post1533020.html
Sắc vóc người đẹp Bắc Giang sau khi kết hôn với Hà Đức Chinh,21/2/2025,17:07,"Sau khi kết hôn và sinh con đầu lòng, Mai Hà Trang, bà xã tiền đạo Hà Đức Chinh, được nhận xét ngày càng thăng hạng khí chất.",https://lifestyle.znews.vn/sac-voc-nguoi-dep-bac-giang-sau-khi-ket-hon-voi-ha-duc-chinh-post1533247.html
Vụ trộm 500 con mèo thần tài kỳ lạ ở nhà hàng của Gordon Ramsay,21/2/2025,15:33,"Theo ước tính của Ramsay, ông đã mất hơn 2.000 bảng Anh (2.500 USD) trong một tuần vì những mô hình mèo maneki-neko bị đánh cắp.",https://lifestyle.znews.vn/vu-trom-500-con-meo-than-tai-ky-la-o-nha-hang-cua-gordon-ramsay-post1533235.html
"Người phụ nữ chia nhà, mời bệnh nhân ung thư đến ở miễn phí",21/2/2025,14:48,"Thấy nhiều bệnh nhân và người nhà chật vật tìm chỗ nghỉ ngơi khi đi khám bệnh, chị Kiều Oanh mua giường chiếu, kê ở tầng một ngôi nhà đang sinh sống cho mọi người tá túc.",https://lifestyle.znews.vn/nguoi-phu-nu-chia-nha-moi-benh-nhan-ung-thu-den-o-mien-phi-post1533237.html
Bức ảnh 'rắn đối đầu' siêu thực vô tình được chụp lại trên đường phố,21/2/2025,13:40,"Số mới nhất của tạp chí Eyeshot ca ngợi sự tình cờ của cuộc sống thường ngày. Các hình ảnh nổi bật được chụp tại thành phố nổi tiếng của Thái Lan, Nhật Bản, Anh...",https://lifestyle.znews.vn/buc-anh-ran-doi-dau-sieu-thuc-vo-tinh-duoc-chup-lai-tren-duong-pho-post1533214.html
10 dấu hiệu cảnh báo thiếu collagen trong da,21/2/2025,12:36,"Collagen là loại protein dồi dào nhất trong cơ thể, đóng vai trò quan trọng trong việc duy trì độ đàn hồi, độ ẩm và sức khỏe tổng thể của da...",https://lifestyle.znews.vn/10-dau-hieu-canh-bao-thieu-collagen-trong-da-post1533223.html
Bạn gái cũ tố Elon Musk bỏ mặc con gặp nguy hiểm,21/2/2025,11:18,"Ca sĩ Grimes, bạn gái cũ của Elon Musk, mới đây phải đưa ra lời kêu gọi ""khẩn cấp"" đến tỷ phú 53 tuổi do tình trạng sức khỏe nguy cấp của đứa con chung.",https://lifestyle.znews.vn/ban-gai-cu-to-elon-musk-bo-mac-con-gap-nguy-hiem-post1533088.html
"Phản ứng bất ngờ của bố chồng khi con dâu giận dỗi, bỏ nhà đi Đà Lạt",21/2/2025,10:10,"Một lần cãi nhau với chồng, chị Mỹ Linh bỏ nhà lên Đà Lạt chơi với bạn cho khuây khỏa. Cuộc điện thoại bất ngờ từ bố chồng khiến chị bật khóc nức nở và vội vã trở về.",https://lifestyle.znews.vn/phan-ung-bat-ngo-cua-bo-chong-khi-con-dau-gian-doi-bo-nha-di-da-lat-post1533044.html
Ông bố bật quạt hong quần áo mùa nồm khiến hơn 2.000 người tranh cãi,21/2/2025,09:26,Hình ảnh chủ nhà ở Phú Thọ giăng quần áo phơi giữa phòng khách rồi bật quạt trần để quần áo nhanh khô trong mùa nồm ẩm thu hút nhiều ý kiến trái chiều.,https://lifestyle.znews.vn/ong-bo-bat-quat-hong-quan-ao-mua-nom-khien-hon-2000-nguoi-tranh-cai-post1533082.html
Vì sao nhiều người khóc khi thấy cảnh 'quỷ biển đen' ngoi lên mặt nước,21/2/2025,08:28,"Lần đầu tiên xuất hiện gần mặt nước ngoài khơi biển Tenerife, loài vật này đã thu hút sự chú ý của các nhà sinh vật biển, khiến cả thế giới xúc động về câu chuyện của nó.",https://lifestyle.znews.vn/vi-sao-nhieu-nguoi-khoc-khi-thay-canh-quy-bien-den-ngoi-len-mat-nuoc-post1532933.html
Chân dung nữ MC được khen 'xinh nhất Đài TH Nghệ An',21/2/2025,07:32,"Trâm Anh đã có gần 15 năm gắn bó với Đài Truyền hình Nghệ An trong vai trò MC, biên tập viên. Hiện tại, cô còn là chủ của spa thẩm mỹ có tiếng tại TP Vinh.",https://lifestyle.znews.vn/chan-dung-nu-mc-duoc-khen-xinh-nhat-dai-th-nghe-an-post1532958.html
Ai thắng trong cuộc đấu giữa con trai Messi và Ronaldo?,21/2/2025,06:10,"Tin giả về con trai Messi và Ronaldo lan truyền mạnh mẽ, thu hút hàng triệu lượt xem. Đằng sau đó là Stake - công ty cá cược trực tuyến, lợi dụng danh tiếng hai huyền thoại.",https://lifestyle.znews.vn/ai-thang-trong-cuoc-dau-giua-con-trai-messi-va-ronaldo-post1533004.html
Ngôi sao livestream Trung Quốc đột tử vì liên tục thức khuya làm việc,20/2/2025,19:24,Người đàn ông nổi tiếng mạng xã hội khi đóng giả Đường Tăng đã đột ngột qua đời trong căn nhà trọ sau thời gian dài làm việc tới khuya.,https://lifestyle.znews.vn/ngoi-sao-livestream-trung-quoc-dot-tu-vi-lien-tuc-thuc-khuya-lam-viec-post1533008.html
Cái tên đặc biệt của 4 thành viên gia đình ở Trà Vinh,20/2/2025,17:50,"Vì 4 thành viên đều có tên Nguyên, gia đình chị Trần Thảo Nguyên đối diện nhiều tình huống hài hước.",https://lifestyle.znews.vn/cai-ten-dac-biet-cua-4-thanh-vien-gia-dinh-o-tra-vinh-post1532993.html
Mối nguy hại từ chiếc váy hồng 2 dây hot nhất mạng xã hội,20/2/2025,17:50,"Trào lưu mặc váy hồng hai dây đang được chia sẻ rầm rộ trên mạng xã hội. Không chỉ phụ nữ mà nam giới cũng có những bức ảnh mặc váy ""chấn động"".",https://lifestyle.znews.vn/moi-nguy-hai-tu-chiec-vay-hong-2-day-hot-nhat-mang-xa-hoi-post1532996.html
"Cô gái Việt dạy học, kiêm cả lao công ở nơi heo hút bậc nhất Australia",20/2/2025,17:01,"Quyết định đến vùng xa xôi Australia dạy học với một trong những động lực đầu tiên là tiền, Minh Phương nhanh chóng nhận ra công việc đem lại cho cô nhiều điều hơn thế.",https://lifestyle.znews.vn/co-gai-viet-day-hoc-kiem-ca-lao-cong-o-noi-heo-hut-bac-nhat-australia-post1532661.html
"Lời kể của cô gái bị bỏng nặng do bóng bay sinh nhật bén lửa, phát nổ",20/2/2025,15:31,"Trong lúc Phạm Thị Giang tạo dáng chụp ảnh với bánh kem và bóng bay, quả bóng tiếp xúc với nến và phát nổ, gây bỏng phần lớn gương mặt và cánh tay cô.",https://lifestyle.znews.vn/loi-ke-cua-co-gai-bi-bong-nang-do-bong-bay-sinh-nhat-ben-lua-phat-no-post1532960.html
Retinol đang bào mỏng da mặt của bạn?,20/2/2025,14:01,Tác dụng phụ khi sử dụng dẫn xuất vitamin A có thể khiến mọi người hiểu sai về cách thức hoạt động của nó trên làn da.,https://lifestyle.znews.vn/retinol-dang-bao-mong-da-mat-cua-ban-post1532950.html
Bàn tay thiếu ngón 'hé lộ' sự thật rợn người ở làng nuôi rắn hổ mang,20/2/2025,12:59,"Đôi tay của một số người nuôi rắn hổ mang tại xã Tứ Xã (huyện Lâm Thao, Phú Thọ) không còn nguyên vẹn vì bị rắn tấn công, phần nào cho thấy sự nguy hiểm của nghề nuôi rắn hổ mang.",https://lifestyle.znews.vn/ban-tay-thieu-ngon-he-lo-su-that-ron-nguoi-o-lang-nuoi-ran-ho-mang-post1532939.html
Barron Trump vướng ồn ào 'lập dị' tại Đại học New York,20/2/2025,10:55,"5 ngày sau khi mô tả Barron Trump là ""kẻ lập dị trong trường"", chủ tịch đảng Cộng hòa của Đại học New York đã buộc phải từ chức - quyết định mà hiện cô cho biết rất hối hận.",https://lifestyle.znews.vn/barron-trump-vuong-on-ao-lap-di-tai-dai-hoc-new-york-post1532916.html
"Nhân viên phải đi vệ sinh theo giờ, không được quá 2 phút ở Trung Quốc",20/2/2025,10:04,"Một công ty ở Trung Quốc đối mặt phản ứng dữ dội, bị cho vi phạm luật lao động vì đặt ra quy định giờ cụ thể cho nhân viên đi vệ sinh.",https://lifestyle.znews.vn/nhan-vien-phai-di-ve-sinh-theo-gio-khong-duoc-qua-2-phut-o-trung-quoc-post1532904.html
Trào lưu diện chiếc váy hồng hot nhất mạng xã hội gây lo lắng,20/2/2025,08:53,"Trong khi nhiều người đua nhau dùng app BeautyCam tạo ảnh mình mặc ""chiếc váy hồng hot nhất cõi mạng"", nhiều người lo bị kẻ gian lợi dụng khi đua theo trào lưu này.",https://lifestyle.znews.vn/trao-luu-dien-chiec-vay-hong-hot-nhat-mang-xa-hoi-gay-lo-lang-post1532893.html
Đêm 'kinh hoàng' của bà mẹ có con trai nổi tiếng với meme 'nín',20/2/2025,08:45,"Bất ngờ mang thai ở tuổi đôi mươi, bà mẹ trẻ trải qua thai kỳ không ít hoang mang. Đặc biệt, cô có đêm “kinh hoàng”, phải cầu cứu mẹ chồng sau khi con chào đời.",https://lifestyle.znews.vn/dem-kinh-hoang-cua-ba-me-co-con-trai-noi-tieng-voi-meme-nin-post1532890.html
Elon Musk bình luận nhạy cảm với KOL ‘sinh con thứ 13’ cho ông,20/2/2025,08:22,"Những dòng trò chuyện ""thả thính"" giữa Elon Musk và Ashley St. Clair được ""đào"" lại sau khi nhà văn 26 tuổi tuyên bố sinh con cho tỷ phú giàu nhất thế giới.",https://lifestyle.znews.vn/elon-musk-binh-luan-nhay-cam-voi-kol-sinh-con-thu-13-cho-ong-post1532873.html
Nghịch lý ở quốc gia ưa chuộng thịt cá nhất châu Á,20/2/2025,07:17,Mức tiêu thụ thịt cá bình quân đầu người ở Nhật Bản đã giảm gần 50% chỉ trong một thế hệ.,https://lifestyle.znews.vn/nghich-ly-o-quoc-gia-ua-chuong-thit-ca-nhat-chau-a-post1532859.html
Gia đình ở TP.HCM hỗn loạn vì người giúp việc nghỉ ngang sau Tết,20/2/2025,06:06,"Người giúp việc ""biệt tăm biệt tích"" từ 28 Tết, cuộc sống của gia đình Thanh Thanh bị đảo lộn hơn nửa tháng nay. Chị cố gắng chờ đợi, nhưng không thể chịu được nữa.",https://lifestyle.znews.vn/gia-dinh-o-tphcm-hon-loan-vi-nguoi-giup-viec-nghi-ngang-sau-tet-post1532633.html
"Phản ứng của Văn Thanh, Đức Huy khi bị giục lấy vợ",19/2/2025,20:38,"Sau khi úp mở chuyện hẹn hò với bạn gái, bộ đôi cầu thủ tuyển Việt Nam thường bị đồng đội, bạn bè trêu chọc, giục kết hôn.",https://lifestyle.znews.vn/phan-ung-cua-van-thanh-duc-huy-khi-bi-giuc-lay-vo-post1532822.html
Tiết lộ nhật ký của nữ MC tự sát vì bị đồng nghiệp bắt nạt ở Hàn Quốc,19/2/2025,18:56,"Trong cuốn nhật ký, Oh Yoanna ghi lại sự chật vật của bản thân khi bị đồng nghiệp bắt nạt và không được các quan chức ở đài MBC lắng nghe.",https://lifestyle.znews.vn/tiet-lo-nhat-ky-cua-nu-mc-tu-sat-vi-bi-dong-nghiep-bat-nat-o-han-quoc-post1532783.html
Người Việt tạo nên 'chiếc mỏ hỗn nhất' trong phim Hàn gây sốt toàn cầu,19/2/2025,16:26,"16 năm trong nghề lồng tiếng, Lê Trường Tân góp giọng trong vô số bộ phim đình đám. Gần đây, anh gây ấn tượng với vai giáo sư Baek Kang Hyuk của ""Trung tâm chăm sóc chấn thương"".",https://lifestyle.znews.vn/nguoi-viet-tao-nen-chiec-mo-hon-nhat-trong-phim-han-gay-sot-toan-cau-post1532635.html
"Cách đơn giản làm chậm lão hóa, trẻ hóa làn da tự nhiên",19/2/2025,16:17,"Để có một làn da khỏe mạnh, những thói quen lành mạnh không chỉ làm chậm lão hóa, ngăn ngừa nếp nhăn mà còn giúp duy trì vẻ đẹp làn da từ bên trong.",https://lifestyle.znews.vn/cach-don-gian-lam-cham-lao-hoa-tre-hoa-lan-da-tu-nhien-post1532781.html
Triệu phú 'lão hóa ngược' dùng cách đau đớn để có sinh lý như tuổi 20,19/2/2025,15:08,"Bryan Johnson theo đuổi giấc mơ bất tử bằng chế độ sinh hoạt khắc nghiệt và những công nghệ đắt đỏ, nhưng ông có đang thách thức số phận?",https://lifestyle.znews.vn/trieu-phu-lao-hoa-nguoc-dung-cach-dau-don-de-co-sinh-ly-nhu-tuoi-20-post1532549.html
Thủ môn Đặng Văn Lâm đón con trai đầu lòng tại Bệnh viện Quốc tế Mỹ,19/2/2025,14:20,"Sáng 19/2, thủ môn Đặng Văn Lâm cùng vợ thông báo đón con trai đầu lòng bằng phương pháp sinh mổ tại Bệnh viện Quốc tế Mỹ (AIH).    ",https://lifestyle.znews.vn/thu-mon-dang-van-lam-don-con-trai-dau-long-tai-benh-vien-quoc-te-my-post1532638.html
Cảnh 157 con cá voi mắc cạn trên bờ biển Australia gây sửng sốt,19/2/2025,14:10,"Sáng 19/2, cơ quan chức năng của tiểu bang Tasmania (Australia) nỗ lực tìm cách ứng phó khi hơn 150 con cá voi dạt vào bờ biển.",https://lifestyle.znews.vn/canh-157-con-ca-voi-mac-can-tren-bo-bien-australia-gay-sung-sot-post1532602.html
Sắc vóc bà xã Văn Lâm từ lúc mang bầu đến khi sinh con đầu lòng,19/2/2025,11:26,"Nhờ duy trì tập luyện và có chế độ ăn uống khoa học, Yến Xuân vẫn giữ được hình thể săn chắc suốt thời gian mang thai đến khi sinh con.",https://lifestyle.znews.vn/sac-voc-ba-xa-van-lam-tu-luc-mang-bau-den-khi-sinh-con-dau-long-post1532610.html
Mẹ đảm ở Hải Phòng mách mẹo 'sinh tồn' vào mùa nồm ẩm,19/2/2025,10:13,"Sau nhiều năm sống chung với mùa nồm ẩm kéo dài, người mẹ ở Hải Phòng đã tìm ra cách giúp nhà khô thoáng trong tiết trời này.",https://lifestyle.znews.vn/me-dam-o-hai-phong-mach-meo-sinh-ton-vao-mua-nom-am-post1532623.html
Ảnh hiếm của Elon Musk cùng cô gái 'bí mật sinh con thứ 13' cho ông,19/2/2025,09:18,Bức ảnh hiếm hoi của ông chủ Tesla đứng cạnh nữ KOL tuyên bố sinh con thứ 13 cho ông đang làm dậy sóng mạng xã hội.,https://lifestyle.znews.vn/anh-hiem-cua-elon-musk-cung-co-gai-bi-mat-sinh-con-thu-13-cho-ong-post1532598.html
"Mua túi mù trên mạng, cô gái bất ngờ xé được hàng hiếm Gucci",19/2/2025,08:31,Olivia Gilcher (Mỹ) ngỡ ngàng và xúc động khi bóc ra được món đồ đắt giá của Gucci trong túi mù trang sức mua trên mạng.,https://lifestyle.znews.vn/mua-tui-mu-tren-mang-co-gai-bat-ngo-xe-duoc-hang-hiem-gucci-post1532512.html
"Thí sinh hạ 999 người, giành núi tiền mặt trong game show của MrBeast",19/2/2025,07:07,"Jeffrey Randall Allen đã đánh bại 999 thí sinh khác trong mùa đầu tiên của chương trình trò chơi truyền hình thực tế ""Beast Games"" để giành giải thưởng 10 triệu USD.",https://lifestyle.znews.vn/thi-sinh-ha-999-nguoi-gianh-nui-tien-mat-trong-game-show-cua-mrbeast-post1532561.html
Bữa sáng yêu thích của người Mỹ dần teo tóp,19/2/2025,06:32,"Giá trứng tăng vọt do dịch cúm gia cầm, nhiều cửa hàng bán đồ ăn sáng tại New York buộc phải nâng giá hoặc giảm khẩu phần của chiếc bánh sandwich.",https://lifestyle.znews.vn/bua-sang-yeu-thich-cua-nguoi-my-dan-teo-top-post1532484.html
"Bà chủ quán ăn gây sốt vì gian bếp hoành tráng, xếp đồ ăn đều tăm tắp",19/2/2025,06:00,"Hình ảnh chị Hoàng Thu Hiền (Nghệ An) chuẩn bị nguyên liệu cho quán đồ ăn online nhận nhiều lời khen bởi độ chỉn chu, đẹp mắt.",https://lifestyle.znews.vn/ba-chu-quan-an-gay-sot-vi-gian-bep-hoanh-trang-xep-do-an-deu-tam-tap-post1532562.html
'Quái vật cơ bắp' không ăn đường và sống trong phòng gym,18/2/2025,21:01,"Tristyn Lee, ngôi sao thể hình nổi tiếng, cho biết từng bị ám ảnh bởi chế độ tập luyện nghiêm ngặt và nhiều năm không ăn đường.",https://lifestyle.znews.vn/quai-vat-co-bap-khong-an-duong-va-song-trong-phong-gym-post1532540.html
Công dụng thần kỳ của matcha với làn da,18/2/2025,19:06,"Khoảng vài năm trở lại đây, matcha gần như là lựa chọn hàng đầu của mọi cô gái vì chứa đầy lợi ích cho sức khỏe và sắc đẹp.",https://lifestyle.znews.vn/cong-dung-than-ky-cua-matcha-voi-lan-da-post1532527.html
Cô dâu bật khóc trước món quà của gần 20 người bạn thân,18/2/2025,17:47,"Trước ngày cưới của vợ chồng Thu Hà (Hà Nội), nhóm bạn thân 8 năm kỳ công ghi hình lời chúc phúc của mình, ghép thành clip ý nghĩa gửi tặng hai nhân vật chính.",https://lifestyle.znews.vn/co-dau-bat-khoc-truoc-mon-qua-cua-gan-20-nguoi-ban-than-post1532476.html
Tình cảnh bẽ bàng của cô gái 'bí mật sinh con thứ 13' cho Elon Musk,18/2/2025,16:21,"Chưa nhận được phản hồi công khai của Elon Musk, Ashley St. Clair cho biết sẽ tạm thời ở ẩn và tập trung vào việc chăm sóc con cái.",https://lifestyle.znews.vn/tinh-canh-be-bang-cua-co-gai-bi-mat-sinh-con-thu-13-cho-elon-musk-post1532445.html
Chuyện cảm động sau clip cụ bà ngủ trong vòng tay chồng ở bệnh viện,18/2/2025,14:27,Hình ảnh người vợ ngủ ngon trong vòng tay chồng ở hành lang bệnh viện khiến người xem thấy ấm lòng.,https://lifestyle.znews.vn/chuyen-cam-dong-sau-clip-cu-ba-ngu-trong-vong-tay-chong-o-benh-vien-post1532463.html
Bé gái bị bắt cóc kỹ thuật số sau bức ảnh đăng trên mạng xã hội,12/4/2024,10:06,"Việc đăng ảnh con lên mạng xã hội có thể tạo điều kiện cho hành vi phạm tội, trộm cắp danh tính và phát tán hình ảnh của trẻ cho các bên không mong muốn.",https://lifestyle.znews.vn/be-gai-bi-bat-coc-ky-thuat-so-sau-buc-anh-dang-tren-mang-xa-hoi-post1469714.html
Chi tiêu của 5 gia đình ở những nơi có mức sống đắt đỏ nhất Việt Nam,12/4/2024,08:55,"5 gia đình ở Hà Nội, TP.HCM chia sẻ về mức thu nhập và chi tiêu trong một tháng. Đa số đều phải ""thắt lưng buộc bụng"" nếu muốn có một khoản tích lũy.",https://lifestyle.znews.vn/chi-tieu-cua-5-gia-dinh-o-nhung-noi-co-muc-song-dat-do-nhat-viet-nam-post1469693.html
Bức tranh trái ngược của Bolzano ở quốc gia có nguy cơ tuyệt chủng,12/4/2024,06:08,"Khu vực xung quanh Bolzano có mạng lưới hỗ trợ gia đình dày đặc của chính quyền. Điều đó giúp tỷ lệ sinh ở đây trái ngược với bức tranh chung ảm đạm của Italy, theo New York Times.",https://lifestyle.znews.vn/buc-tranh-trai-nguoc-cua-bolzano-o-quoc-gia-co-nguy-co-tuyet-chung-post1469366.html
"Giới trẻ ngủ trưa, trốn nắng gắt ở cà phê giường giữa trung tâm TP.HCM",25/4/2024,11:20,"Để có một không gian ngủ trưa mát mẻ, thoải mái và đủ tiện nghi, nhiều bạn trẻ chấp nhận chi 50.000-80.000 đồng/lần cho những quán cà phê giường ở TP.HCM.",https://lifestyle.znews.vn/gioi-tre-ngu-trua-tron-nang-gat-o-ca-phe-giuong-giua-trung-tam-tphcm-post1472008.html
Những người trẻ ở TP.HCM tuần đi cà phê 5-6 lần,6/4/2024,10:07,"Với nhiều người trẻ, dân văn phòng hay freelancer, đi cà phê là nhu cầu thiết yếu và khó có thể cắt giảm dù kinh tế khó khăn. Họ sẵn sàng chi 50.000-70.000 đồng cho một ly nước.",https://lifestyle.znews.vn/nhung-nguoi-tre-o-tphcm-tuan-di-ca-phe-5-6-lan-post1468341.html
'Công thức hồi sinh' phố trà sữa đắt đỏ bậc nhất TP.HCM,5/4/2024,10:20,"Bên cạnh những thương hiệu lớn, nhiều cái tên mới xuất hiện. Khu tứ giác trà sữa nổi tiếng ở quận 1 không còn những tấm biển rao bán, cho thuê mặt bằng.",https://lifestyle.znews.vn/cong-thuc-hoi-sinh-pho-tra-sua-dat-do-bac-nhat-tphcm-post1468288.html
5 cuốn sách dành cho tín đồ skincare,4/4/2023,09:01,Những tựa sách được viết bởi các chuyên gia hàng đầu trong lĩnh vực chăm sóc da có thể giúp chúng ta nâng tầm chu trình skincare lên một trình độ cao hơn.,https://lifestyle.znews.vn/5-cuon-sach-danh-cho-tin-do-skincare-post1417164.html
Những điều bị ghét trong các cuốn sách ,14/7/2023,15:50,"Từ những tình tiết quá mơ mộng tới sự xuất hiện quá nhiều của chữ in nghiêng đều có thể khiến độc giả cảm thấy khó chịu khi đọc sách, theo The Washington Post.",https://lifestyle.znews.vn/nhung-dieu-bi-ghet-trong-cac-cuon-sach-post1400886.html
Những hiệu sách độc đáo trên thế giới,12/2/2023,09:11,"Không chỉ là nơi bán sách, nhiều hiệu sách trên thế giới còn nổi tiếng nhờ cung cấp những trải nghiệm thú vị hay có kiến trúc, trang trí ấn tượng.",https://lifestyle.znews.vn/nhung-hieu-sach-doc-dao-tren-the-gioi-post1399768.html
Điều trị tâm lý khi bạn ít tiền,11/12/2022,18:13,"Bạn muốn thăm khám và điều trị sức khỏe tâm lý nhưng ngân sách eo hẹp. Dưới đây là những phương pháp chữa lành tinh thần đơn giản, hiệu quả mà ít tốn kém.",https://lifestyle.znews.vn/dieu-tri-tam-ly-khi-ban-it-tien-post1383377.html
Phải kiên nhẫn khi yêu người trầm cảm,23/11/2022,07:28,"Bạn cần nhiều dũng khí, kiên trì và nỗ lực để duy trì mối quan hệ với một người trầm cảm. Đồng thời, bạn cũng phải tự bảo vệ sức khỏe tinh thần, tránh rơi vào vòng xoáy u uất.",https://lifestyle.znews.vn/phai-kien-nhan-khi-yeu-nguoi-tram-cam-post1376144.html
Tôi đưa ba đi trị liệu tâm lý,31/10/2022,09:22,"Sau khi ba mẹ chia tay, ba tôi rơi vào trầm cảm. Một ngày, tôi quyết định đưa ba đi trị liệu.",https://lifestyle.znews.vn/toi-dua-ba-di-tri-lieu-tam-ly-post1366660.html
